{
  "config": {
    "run_name": "exp1_2",
    "out_dir": "/home/yonathanw/CS236781/Homework2/results",
    "seed": 42,
    "device": null,
    "bs_train": 64,
    "bs_test": 64,
    "batches": 1500,
    "epochs": 20,
    "early_stopping": 2,
    "checkpoints": null,
    "lr": 0.001,
    "reg": 0.001,
    "filters_per_layer": [
      64
    ],
    "pool_every": 4,
    "hidden_dims": [
      128
    ],
    "model_type": "cnn",
    "activation_type": "relu",
    "activation_params": {},
    "conv_params": {
      "kernel_size": 3,
      "stride": 1,
      "padding": 1
    },
    "pooling_params": {
      "kernel_size": 2
    },
    "pooling_type": "max",
    "batchnorm": true,
    "dropout": 0.2,
    "bottleneck": false,
    "momentum": 0.99,
    "kw": {},
    "layers_per_block": 4
  },
  "results": {
    "num_epochs": 11,
    "train_loss": [
      1.5287576951944004,
      1.1950336557520016,
      1.03007252678237,
      0.905793705712194,
      0.8201617682376481,
      0.7407525089162085,
      0.6678333667385609,
      0.604185718557109,
      0.5414196665748916,
      0.48546836767202756,
      0.438248981066677
    ],
    "train_acc": [
      44.262,
      57.11,
      63.254,
      67.946,
      70.94,
      73.998,
      76.226,
      78.586,
      80.596,
      82.59,
      84.23
    ],
    "test_loss": [
      1.2763865396475336,
      1.2023689002747748,
      1.031023809104968,
      0.9602123590032007,
      0.9502975010568169,
      0.9780261079976513,
      0.9417100385495811,
      0.9938328383834498,
      0.9370450707757549,
      0.9849622579896526,
      1.046777711172772
    ],
    "test_acc": [
      54.54,
      56.93,
      63.43,
      65.9,
      67.05,
      66.11,
      67.79,
      67.59,
      68.94,
      68.87,
      67.88
    ]
  }
}