{
  "config": {
    "run_name": "exp1_3",
    "out_dir": "/home/inbar.m/hw/deep_on_gpu_hw2/results",
    "seed": 42,
    "device": null,
    "bs_train": 32,
    "bs_test": 32,
    "batches": 1500,
    "epochs": 30,
    "early_stopping": 2,
    "checkpoints": null,
    "lr": 0.0001,
    "reg": 0.0001,
    "filters_per_layer": [
      64,
      128
    ],
    "pool_every": 4,
    "hidden_dims": [
      128
    ],
    "model_type": "cnn",
    "activation_type": "relu",
    "activation_params": {},
    "conv_params": {
      "kernel_size": 3,
      "stride": 1,
      "padding": 1
    },
    "pooling_params": {
      "kernel_size": 2
    },
    "pooling_type": "max",
    "batchnorm": true,
    "dropout": "0.3",
    "bottleneck": false,
    "kw": {},
    "layers_per_block": 2
  },
  "results": {
    "num_epochs": 11,
    "train_loss": [
      1.5488933241680045,
      1.2240335265947928,
      1.0841560101783665,
      0.9527556263363216,
      0.8435445930701528,
      0.7512421127091747,
      0.6639418311212129,
      0.5732612069684271,
      0.4787528555427922,
      0.3842974241801507,
      0.2881591699335793
    ],
    "train_acc": [
      43.982,
      56.266,
      61.624,
      66.468,
      70.364,
      73.726,
      76.744,
      79.926,
      83.408,
      86.928,
      90.212
    ],
    "test_loss": [
      1.2969536562316335,
      1.182630578359476,
      1.0903905816733266,
      1.0120732487200168,
      0.984911128926201,
      0.9263478000514423,
      0.9210357651733362,
      0.965268422620365,
      0.9807591113610009,
      1.052802571282981,
      1.1707065256830222
    ],
    "test_acc": [
      53.04,
      58.23,
      61.51,
      64.55,
      66.14,
      68.03,
      68.12,
      68.49,
      68.65,
      68.47,
      68.07
    ]
  }
}