{
  "config": {
    "run_name": "exp1_3",
    "out_dir": "/home/inbar.m/hw/deep_on_gpu_hw2/results",
    "seed": 42,
    "device": null,
    "bs_train": 32,
    "bs_test": 32,
    "batches": 1500,
    "epochs": 30,
    "early_stopping": 2,
    "checkpoints": null,
    "lr": 0.0001,
    "reg": 0.0001,
    "filters_per_layer": [
      64,
      128
    ],
    "pool_every": 4,
    "hidden_dims": [
      128
    ],
    "model_type": "cnn",
    "activation_type": "relu",
    "activation_params": {},
    "conv_params": {
      "kernel_size": 3,
      "stride": 1,
      "padding": 1
    },
    "pooling_params": {
      "kernel_size": 2
    },
    "pooling_type": "max",
    "batchnorm": true,
    "dropout": "0.3",
    "bottleneck": false,
    "kw": {},
    "layers_per_block": 4
  },
  "results": {
    "num_epochs": 11,
    "train_loss": [
      1.7868266054551265,
      1.4320601575739171,
      1.2585939580785566,
      1.1237262405040396,
      1.0100548647568155,
      0.9128182592753485,
      0.8217444320710439,
      0.7391524943913395,
      0.6527747251021885,
      0.5725017046211472,
      0.48872120381927003
    ],
    "train_acc": [
      33.648,
      47.722,
      54.702,
      60.016,
      64.236,
      67.738,
      71.288,
      74.122,
      77.252,
      79.912,
      83.06
    ],
    "test_loss": [
      1.5354961625303323,
      1.3254703405185249,
      1.2357614118451128,
      1.104449560657477,
      1.042652541265701,
      0.9983379364775392,
      0.9923345796978131,
      0.9214212428837919,
      0.9261935625594264,
      1.0006002998961427,
      1.018368345956071
    ],
    "test_acc": [
      43.36,
      51.73,
      55.69,
      60.2,
      63.41,
      65.64,
      65.95,
      68.4,
      69.3,
      67.66,
      68.55
    ]
  }
}