{
  "config": {
    "run_name": "exp1_4",
    "out_dir": "/home/inbar.m/hw/deep_on_gpu_hw2/results",
    "seed": 42,
    "device": null,
    "bs_train": 64,
    "bs_test": 64,
    "batches": 1500,
    "epochs": 30,
    "early_stopping": 3,
    "checkpoints": null,
    "lr": 0.0001,
    "reg": 0.0001,
    "filters_per_layer": [
      32
    ],
    "pool_every": 8,
    "hidden_dims": [
      512,
      256
    ],
    "model_type": "resnet",
    "activation_type": "relu",
    "activation_params": {},
    "conv_params": {
      "kernel_size": 3,
      "stride": 1,
      "padding": 1
    },
    "pooling_params": {
      "kernel_size": 2
    },
    "pooling_type": "max",
    "batchnorm": true,
    "dropout": 0.3,
    "bottleneck": false,
    "kw": {},
    "layers_per_block": 16
  },
  "results": {
    "num_epochs": 30,
    "train_loss": [
      1.926894070547255,
      1.6149425000485862,
      1.511181998283357,
      1.4353018116463176,
      1.3697593535303765,
      1.3094872390980001,
      1.249514288228491,
      1.1957909550965595,
      1.1394079549385763,
      1.0886500799442496,
      1.0346779996324378,
      0.9895090375410016,
      0.950112139248787,
      0.9142924193531046,
      0.8736522717549063,
      0.8430095499814929,
      0.806831266302282,
      0.7785322382245832,
      0.752500454597461,
      0.7171930439408173,
      0.6833810101994469,
      0.6528569828061497,
      0.6256263755700168,
      0.5993912700573196,
      0.5734329789190951,
      0.5456097695757361,
      0.512727974282811,
      0.4882074665383,
      0.460004694493073,
      0.43978879739866233
    ],
    "train_acc": [
      30.036,
      41.742,
      45.594,
      48.28,
      51.044,
      53.39,
      55.512,
      57.53,
      59.73,
      61.568,
      63.26,
      65.012,
      66.598,
      67.79,
      69.146,
      70.502,
      71.626,
      72.89,
      73.536,
      74.786,
      76.138,
      77.088,
      78.192,
      79.128,
      80.056,
      81.142,
      82.222,
      82.96,
      83.706,
      84.584
    ],
    "test_loss": [
      1.982305477379234,
      1.6812409291601484,
      1.5862400956973908,
      1.4993919323963725,
      1.3648327095493389,
      1.2827588949993158,
      1.2461243412297243,
      1.190177083015442,
      1.105086271170598,
      1.1096836222205193,
      1.054866612716845,
      0.9546299755193626,
      0.9692381115476038,
      0.945394003087548,
      0.9115532105136069,
      0.8957937595191275,
      0.887249104536263,
      0.8624291476930023,
      0.8400529858413016,
      0.8127930411107981,
      0.8527484114762325,
      0.8349100184288754,
      0.8251492400078257,
      0.8154447735494869,
      0.8054200082447878,
      0.8315048857479338,
      0.8355621353835817,
      0.8500020593214946,
      0.8766617184611643,
      0.8684062424359048
    ],
    "test_acc": [
      28.27,
      40.68,
      44.12,
      47.43,
      51.05,
      54.42,
      55.92,
      57.76,
      60.49,
      60.83,
      63.17,
      66.16,
      66.26,
      67.42,
      69.01,
      69.5,
      69.65,
      70.61,
      71.42,
      72.43,
      71.4,
      72.37,
      72.74,
      73.09,
      73.88,
      73.46,
      73.98,
      73.94,
      74.14,
      73.9
    ]
  }
}