{
  "config": {
    "run_name": "exp1_1",
    "out_dir": "/home/yonathanw/CS236781/Homework2/results",
    "seed": 42,
    "device": null,
    "bs_train": 64,
    "bs_test": 64,
    "batches": 1500,
    "epochs": 20,
    "early_stopping": 5,
    "checkpoints": null,
    "lr": 0.001,
    "reg": 0.003,
    "filters_per_layer": [
      64
    ],
    "pool_every": 4,
    "hidden_dims": [
      128
    ],
    "model_type": "cnn",
    "activation_type": "relu",
    "activation_params": {},
    "conv_params": {
      "kernel_size": 3,
      "stride": 1,
      "padding": 1
    },
    "pooling_params": {
      "kernel_size": 2
    },
    "pooling_type": "max",
    "batchnorm": true,
    "dropout": 0.2,
    "bottleneck": false,
    "momentum": 0.99,
    "kw": {},
    "layers_per_block": 2
  },
  "results": {
    "num_epochs": 20,
    "train_loss": [
      1.6382154563198918,
      1.4174192963963579,
      1.3221984174093018,
      1.2664156149110526,
      1.228621399768478,
      1.1934092751396892,
      1.1681255373503545,
      1.1436483169455662,
      1.1331518994420386,
      1.1068652382744548,
      1.0904755664755925,
      1.0702338914584626,
      1.0578686308372967,
      1.044901757822622,
      1.0367147381348378,
      1.0214136827479847,
      1.0117466370467945,
      1.0083205673243383,
      0.9854429765887882,
      0.9755790277820109
    ],
    "train_acc": [
      40.54,
      48.944,
      52.696,
      54.72,
      56.062,
      57.222,
      58.02,
      59.208,
      59.58,
      60.642,
      61.078,
      61.684,
      61.99,
      62.694,
      62.8,
      63.598,
      64.174,
      63.922,
      64.738,
      65.334
    ],
    "test_loss": [
      1.4681879130138713,
      1.3438440272762517,
      1.2896960692800534,
      1.2421169383510662,
      1.2673286700704296,
      1.228894455417706,
      1.2238346353457992,
      1.2082430359664236,
      1.159618318080902,
      1.1357855755052748,
      1.1736853001224008,
      1.1419314419388011,
      1.162198379540899,
      1.1630595379574284,
      1.1188175697235545,
      1.1650840985547206,
      1.212816525416769,
      1.0792669832326804,
      1.1095874655018947,
      1.0944463360081813
    ],
    "test_acc": [
      46.75,
      51.58,
      52.94,
      55.81,
      54.44,
      55.98,
      56.69,
      56.48,
      58.45,
      59.35,
      57.43,
      59.03,
      58.72,
      58.6,
      60.42,
      58.07,
      57.58,
      61.06,
      61.04,
      60.82
    ]
  }
}