{
  "config": {
    "run_name": "exp1_2",
    "out_dir": "/home/yonathanw/CS236781/Homework2/results",
    "seed": 42,
    "device": null,
    "bs_train": 64,
    "bs_test": 64,
    "batches": 1500,
    "epochs": 20,
    "early_stopping": 5,
    "checkpoints": null,
    "lr": 0.0004,
    "reg": 0.0005,
    "filters_per_layer": [
      64
    ],
    "pool_every": 6,
    "hidden_dims": [
      128
    ],
    "model_type": "cnn",
    "activation_type": "relu",
    "activation_params": {},
    "conv_params": {
      "kernel_size": 3,
      "stride": 1,
      "padding": 1
    },
    "pooling_params": {
      "kernel_size": 2
    },
    "pooling_type": "max",
    "batchnorm": true,
    "dropout": 0.2,
    "bottleneck": false,
    "momentum": 0.99,
    "kw": {},
    "layers_per_block": 8
  },
  "results": {
    "num_epochs": 10,
    "train_loss": [
      1.7878115831128776,
      1.3945574443358595,
      1.175297681632859,
      0.9998177173344985,
      0.8485319770662986,
      0.7020710447369634,
      0.5552222597057862,
      0.41516379430851974,
      0.3026113335395713,
      0.22827736013914313
    ],
    "train_acc": [
      34.858,
      50.106,
      58.136,
      64.728,
      70.14,
      75.332,
      80.51,
      85.318,
      89.27,
      91.814
    ],
    "test_loss": [
      1.491223622279562,
      1.3280488563950654,
      1.137813536984146,
      1.1149701495079478,
      1.070569850077295,
      1.0902056451056414,
      1.233367317421421,
      1.4747133228429563,
      1.602029098067314,
      1.8568609804864142
    ],
    "test_acc": [
      46.03,
      52.69,
      59.27,
      61.38,
      63.6,
      63.45,
      62.84,
      62.14,
      61.13,
      61.06
    ]
  }
}