{
  "config": {
    "run_name": "exp1_1",
    "out_dir": "/home/yonathanw/CS236781/Homework2/results",
    "seed": 42,
    "device": null,
    "bs_train": 64,
    "bs_test": 64,
    "batches": 1500,
    "epochs": 20,
    "early_stopping": 5,
    "checkpoints": null,
    "lr": 0.001,
    "reg": 0.001,
    "filters_per_layer": [
      32
    ],
    "pool_every": 4,
    "hidden_dims": [
      128
    ],
    "model_type": "cnn",
    "activation_type": "relu",
    "activation_params": {},
    "conv_params": {
      "kernel_size": 3,
      "stride": 1,
      "padding": 1
    },
    "pooling_params": {
      "kernel_size": 2
    },
    "pooling_type": "max",
    "batchnorm": true,
    "dropout": 0.2,
    "bottleneck": false,
    "momentum": 0.99,
    "kw": {},
    "layers_per_block": 2
  },
  "results": {
    "num_epochs": 17,
    "train_loss": [
      1.458865895981679,
      1.2118805021123813,
      1.1008256112827974,
      1.0231382386458805,
      0.9639542329189418,
      0.8975186748120486,
      0.849551902174035,
      0.8072414529293089,
      0.7641968157361535,
      0.7239671832384051,
      0.680841115696351,
      0.6372951077835639,
      0.5997018845718535,
      0.5626009989463155,
      0.5270687800729671,
      0.5016048730296248,
      0.463727300505504
    ],
    "train_acc": [
      47.522,
      56.782,
      60.852,
      63.424,
      65.738,
      68.348,
      69.7,
      71.602,
      72.93,
      74.518,
      75.846,
      77.426,
      78.772,
      80.006,
      81.186,
      82.224,
      83.598
    ],
    "test_loss": [
      1.2634589801168745,
      1.1793563749380171,
      1.0889934460828259,
      1.1041339829469183,
      1.0242992909091293,
      0.9847421084239985,
      1.0300558270162838,
      0.9972363547155052,
      1.0186924288986594,
      1.0029949701515732,
      1.0192582356701991,
      0.9997960427764115,
      1.0308124943144004,
      1.057288524451529,
      1.075772001105509,
      1.09587753008885,
      1.082260998570995
    ],
    "test_acc": [
      53.84,
      57.19,
      60.62,
      61.08,
      63.73,
      65.0,
      63.82,
      64.48,
      64.25,
      64.67,
      65.49,
      65.8,
      65.32,
      65.15,
      65.29,
      63.72,
      65.31
    ]
  }
}