{
  "config": {
    "run_name": "exp1_1",
    "out_dir": "/home/inbar.m/hw/deep_on_gpu_hw2/results",
    "seed": 42,
    "device": null,
    "bs_train": 32,
    "bs_test": 32,
    "batches": 1500,
    "epochs": 30,
    "early_stopping": 3,
    "checkpoints": null,
    "lr": 0.0001,
    "reg": 0.0001,
    "filters_per_layer": [
      64
    ],
    "pool_every": 4,
    "hidden_dims": [
      128
    ],
    "model_type": "cnn",
    "activation_type": "relu",
    "activation_params": {},
    "conv_params": {
      "kernel_size": 3,
      "stride": 1,
      "padding": 1
    },
    "pooling_params": {
      "kernel_size": 2
    },
    "pooling_type": "max",
    "batchnorm": true,
    "dropout": 0.0,
    "bottleneck": false,
    "kw": {},
    "layers_per_block": 4
  },
  "results": {
    "num_epochs": 15,
    "train_loss": [
      1.6231051454617287,
      1.3333069414033847,
      1.1937701058021664,
      1.0921771222021208,
      1.0105364254782463,
      0.9266446085786179,
      0.847747706196206,
      0.7734717212269417,
      0.7023531163226925,
      0.634842660971658,
      0.5691680712953106,
      0.5049294624966226,
      0.4335053130240678,
      0.3720072059727066,
      0.3089344718291526
    ],
    "train_acc": [
      41.656,
      52.276,
      57.5,
      61.338,
      64.502,
      67.246,
      70.33,
      73.014,
      75.532,
      77.816,
      80.172,
      82.448,
      85.002,
      87.08,
      89.398
    ],
    "test_loss": [
      1.3917472899531405,
      1.2601985422947917,
      1.1727167375552388,
      1.105991531484805,
      1.0753705551068242,
      1.0207516968059844,
      1.0104906878913174,
      0.9808337478972853,
      0.9623171819475131,
      0.9739637487231733,
      0.9934728615961897,
      1.0345976551691183,
      1.096331009278282,
      1.1409528273553513,
      1.2488450922143346
    ],
    "test_acc": [
      50.1,
      54.44,
      57.67,
      60.56,
      61.83,
      64.33,
      64.81,
      65.8,
      66.45,
      67.08,
      67.3,
      67.77,
      66.8,
      67.14,
      66.7
    ]
  }
}