{
  "config": {
    "run_name": "exp1_1",
    "out_dir": "/home/yonathanw/CS236781/Homework2/results",
    "seed": 42,
    "device": null,
    "bs_train": 64,
    "bs_test": 64,
    "batches": 1500,
    "epochs": 20,
    "early_stopping": 5,
    "checkpoints": null,
    "lr": 0.001,
    "reg": 0.001,
    "filters_per_layer": [
      32
    ],
    "pool_every": 4,
    "hidden_dims": [
      128
    ],
    "model_type": "cnn",
    "activation_type": "relu",
    "activation_params": {},
    "conv_params": {
      "kernel_size": 3,
      "stride": 1,
      "padding": 1
    },
    "pooling_params": {
      "kernel_size": 2
    },
    "pooling_type": "max",
    "batchnorm": true,
    "dropout": 0.2,
    "bottleneck": false,
    "momentum": 0.99,
    "kw": {},
    "layers_per_block": 4
  },
  "results": {
    "num_epochs": 11,
    "train_loss": [
      1.6003503168330473,
      1.2082792777387077,
      1.0544817688519998,
      0.9365177185791532,
      0.836831766016343,
      0.7521927584620083,
      0.6802475482530301,
      0.6078337892851866,
      0.5466490285590176,
      0.48311024829935845,
      0.4327381012003745
    ],
    "train_acc": [
      41.788,
      56.756,
      62.544,
      66.994,
      70.228,
      73.354,
      75.922,
      78.418,
      80.374,
      82.732,
      84.254
    ],
    "test_loss": [
      1.2779119705698292,
      1.150767114891368,
      1.0474039817311962,
      1.0822705364531013,
      0.9663140557374165,
      0.9577557809033971,
      0.9617088311796735,
      1.0056999542151288,
      1.0688649176791976,
      1.0797617667040247,
      1.1417633750636107
    ],
    "test_acc": [
      54.56,
      57.94,
      63.08,
      61.54,
      66.42,
      67.19,
      66.68,
      65.82,
      66.28,
      66.61,
      66.63
    ]
  }
}