{
  "config": {
    "run_name": "exp1_1",
    "out_dir": "/home/inbar.m/hw/deep_on_gpu_hw2/results",
    "seed": 42,
    "device": null,
    "bs_train": 32,
    "bs_test": 32,
    "batches": 1500,
    "epochs": 30,
    "early_stopping": 3,
    "checkpoints": null,
    "lr": 0.0001,
    "reg": 0.0001,
    "filters_per_layer": [
      64
    ],
    "pool_every": 4,
    "hidden_dims": [
      128
    ],
    "model_type": "cnn",
    "activation_type": "relu",
    "activation_params": {},
    "conv_params": {
      "kernel_size": 3,
      "stride": 1,
      "padding": 1
    },
    "pooling_params": {
      "kernel_size": 2
    },
    "pooling_type": "max",
    "batchnorm": true,
    "dropout": 0.0,
    "bottleneck": false,
    "kw": {},
    "layers_per_block": 8
  },
  "results": {
    "num_epochs": 18,
    "train_loss": [
      1.8584194624187544,
      1.5153984677997523,
      1.3425997600521862,
      1.2271357682829702,
      1.1350788773440887,
      1.058006481489766,
      0.9892270841128691,
      0.9233300451735084,
      0.8630547313185282,
      0.8016485328370764,
      0.7421158775544212,
      0.6806420531703048,
      0.622405915985257,
      0.5610209366906094,
      0.5021604459901994,
      0.43313145189428665,
      0.36993722864072137,
      0.30909467591491174
    ],
    "train_acc": [
      31.24,
      44.716,
      51.514,
      56.0,
      59.596,
      62.696,
      65.04,
      67.544,
      69.666,
      71.87,
      74.098,
      76.196,
      78.148,
      80.294,
      82.524,
      84.814,
      87.14,
      89.086
    ],
    "test_loss": [
      1.6226180308162215,
      1.4020283542121181,
      1.2915884888591096,
      1.2204501817401605,
      1.1637074770257114,
      1.1049646862779563,
      1.0772312812911817,
      1.0628922895882458,
      1.0313376714817633,
      1.0381909482204876,
      1.0400384406502636,
      1.0500853049298065,
      1.0589305465213787,
      1.1097880527615167,
      1.190235729796437,
      1.3166422969617022,
      1.3674534692551001,
      1.6195021511647647
    ],
    "test_acc": [
      40.41,
      48.72,
      53.07,
      56.23,
      58.51,
      60.4,
      62.05,
      62.66,
      64.21,
      64.41,
      65.51,
      64.63,
      65.58,
      65.79,
      65.87,
      64.81,
      63.91,
      64.27
    ]
  }
}