{
  "config": {
    "run_name": "exp1_1",
    "out_dir": "/home/yonathanw/CS236781/Homework2/results",
    "seed": 42,
    "device": null,
    "bs_train": 64,
    "bs_test": 64,
    "batches": 1500,
    "epochs": 20,
    "early_stopping": 5,
    "checkpoints": null,
    "lr": 0.001,
    "reg": 0.001,
    "filters_per_layer": [
      32
    ],
    "pool_every": 4,
    "hidden_dims": [
      128
    ],
    "model_type": "cnn",
    "activation_type": "relu",
    "activation_params": {},
    "conv_params": {
      "kernel_size": 3,
      "stride": 1,
      "padding": 1
    },
    "pooling_params": {
      "kernel_size": 2
    },
    "pooling_type": "max",
    "batchnorm": true,
    "dropout": 0.2,
    "bottleneck": false,
    "momentum": 0.99,
    "kw": {},
    "layers_per_block": 8
  },
  "results": {
    "num_epochs": 6,
    "train_loss": [
      2.3030093768063713,
      2.302738455860206,
      2.302759156507604,
      2.3027646526351306,
      2.3027398528345406,
      2.3027257684551543
    ],
    "train_acc": [
      9.898,
      9.878,
      9.816,
      9.634,
      9.8,
      9.606
    ],
    "test_loss": [
      2.3026320509090543,
      2.3026200996083057,
      2.30260939962545,
      2.3026013981764484,
      2.3026096851203093,
      2.302590912314737
    ],
    "test_acc": [
      10.0,
      10.0,
      10.0,
      10.0,
      10.0,
      10.0
    ]
  }
}