{
  "config": {
    "run_name": "exp1_4",
    "out_dir": "/home/inbar.m/hw/deep_on_gpu_hw2/results",
    "seed": 42,
    "device": null,
    "bs_train": 64,
    "bs_test": 64,
    "batches": 1500,
    "epochs": 30,
    "early_stopping": 3,
    "checkpoints": null,
    "lr": 0.0001,
    "reg": 0.0001,
    "filters_per_layer": [
      64,
      128,
      256
    ],
    "pool_every": 8,
    "hidden_dims": [
      512,
      256
    ],
    "model_type": "resnet",
    "activation_type": "relu",
    "activation_params": {},
    "conv_params": {
      "kernel_size": 3,
      "stride": 1,
      "padding": 1
    },
    "pooling_params": {
      "kernel_size": 2
    },
    "pooling_type": "max",
    "batchnorm": true,
    "dropout": 0.3,
    "bottleneck": false,
    "kw": {},
    "layers_per_block": 8
  },
  "results": {
    "num_epochs": 22,
    "train_loss": [
      1.9821325334746513,
      1.647450111558675,
      1.4779039060368258,
      1.346883211446845,
      1.2428594126420862,
      1.150746350093266,
      1.06963949991614,
      0.9893292383007382,
      0.9287604513528097,
      0.8637177919792702,
      0.8025380340988374,
      0.7495006753889191,
      0.6984464377927049,
      0.6433776476803947,
      0.600576750152861,
      0.5510306706475785,
      0.5059575678785438,
      0.4638412338312325,
      0.4223937433203468,
      0.3816722241204108,
      0.3399100322038164,
      0.30697582054244893
    ],
    "train_acc": [
      26.162,
      39.466,
      46.116,
      51.358,
      55.39,
      58.752,
      62.006,
      64.714,
      67.03,
      69.82,
      71.536,
      73.664,
      75.374,
      77.444,
      78.758,
      80.766,
      82.288,
      83.836,
      85.458,
      86.588,
      87.998,
      89.338
    ],
    "test_loss": [
      2.0664006441262117,
      1.7011529381867427,
      1.4876614436981783,
      1.306782355733738,
      1.24599301663174,
      1.1337141250349154,
      1.106288710217567,
      1.0679123572483185,
      0.9457354291229491,
      0.9582132252917928,
      0.9131078541658486,
      0.9679690979088947,
      0.8761937906787653,
      0.854452105084802,
      0.852450459815894,
      0.8707963974232886,
      0.8281384687514821,
      0.900074625281012,
      0.8403986836694608,
      0.879886681866494,
      0.9291462159840165,
      0.94621070744885
    ],
    "test_acc": [
      27.4,
      39.07,
      46.79,
      53.17,
      54.95,
      59.6,
      61.18,
      62.8,
      66.88,
      67.09,
      68.29,
      67.56,
      70.09,
      71.08,
      71.59,
      71.73,
      72.86,
      72.78,
      73.76,
      73.76,
      73.38,
      73.3
    ]
  }
}