{
  "config": {
    "run_name": "exp1_4",
    "out_dir": "/home/inbar.m/hw/deep_on_gpu_hw2/results",
    "seed": 42,
    "device": null,
    "bs_train": 64,
    "bs_test": 64,
    "batches": 1500,
    "epochs": 30,
    "early_stopping": 3,
    "checkpoints": null,
    "lr": 0.0001,
    "reg": 0.0001,
    "filters_per_layer": [
      64,
      128,
      256
    ],
    "pool_every": 8,
    "hidden_dims": [
      512,
      256
    ],
    "model_type": "resnet",
    "activation_type": "relu",
    "activation_params": {},
    "conv_params": {
      "kernel_size": 3,
      "stride": 1,
      "padding": 1
    },
    "pooling_params": {
      "kernel_size": 2
    },
    "pooling_type": "max",
    "batchnorm": true,
    "dropout": 0.3,
    "bottleneck": false,
    "kw": {},
    "layers_per_block": 4
  },
  "results": {
    "num_epochs": 17,
    "train_loss": [
      1.6780940951288814,
      1.3295752788748583,
      1.1340346135141905,
      0.9790724862719435,
      0.8367318823133283,
      0.700355066743958,
      0.566712517986822,
      0.4313540637416913,
      0.31450267775398694,
      0.22010732085808463,
      0.15881293177928613,
      0.11451840263022028,
      0.09197046109558561,
      0.07917826152894922,
      0.06339407320636922,
      0.05722643143159178,
      0.05436050560792236
    ],
    "train_acc": [
      38.908,
      52.162,
      59.556,
      65.542,
      70.538,
      75.602,
      80.296,
      85.15,
      89.236,
      92.682,
      95.098,
      96.382,
      96.978,
      97.432,
      97.938,
      98.182,
      98.304
    ],
    "test_loss": [
      1.5952961718200878,
      1.3197372100155824,
      1.1438560212493702,
      1.0469488501548767,
      1.032892235904742,
      1.0097835003190738,
      0.9819622252397476,
      0.9960697581813593,
      1.1852948745344853,
      1.2338819291181624,
      1.351058011601685,
      1.369105182255909,
      1.5358168505559302,
      1.4791843614001183,
      1.6355754490111285,
      1.674171182000713,
      1.6966324976295422
    ],
    "test_acc": [
      43.84,
      53.67,
      59.18,
      63.69,
      64.4,
      66.83,
      68.71,
      69.05,
      67.4,
      68.62,
      69.15,
      69.79,
      69.03,
      69.95,
      69.31,
      68.98,
      69.11
    ]
  }
}