{
  "config": {
    "run_name": "exp1_1",
    "out_dir": "/home/inbar.m/hw/deep_on_gpu_hw2/results",
    "seed": 42,
    "device": null,
    "bs_train": 32,
    "bs_test": 32,
    "batches": 1500,
    "epochs": 30,
    "early_stopping": 3,
    "checkpoints": null,
    "lr": 0.0001,
    "reg": 0.0001,
    "filters_per_layer": [
      64
    ],
    "pool_every": 4,
    "hidden_dims": [
      128
    ],
    "model_type": "cnn",
    "activation_type": "relu",
    "activation_params": {},
    "conv_params": {
      "kernel_size": 3,
      "stride": 1,
      "padding": 1
    },
    "pooling_params": {
      "kernel_size": 2
    },
    "pooling_type": "max",
    "batchnorm": true,
    "dropout": 0.0,
    "bottleneck": false,
    "kw": {},
    "layers_per_block": 2
  },
  "results": {
    "num_epochs": 14,
    "train_loss": [
      1.5433464257364766,
      1.2549651575561371,
      1.144609966265873,
      1.061621870471359,
      0.9857309661228841,
      0.915593119325046,
      0.8486068084006575,
      0.7863782250149007,
      0.7279959776541856,
      0.6703681504772172,
      0.6137288171209285,
      0.5560423886345047,
      0.5000464874090328,
      0.4490573385197691
    ],
    "train_acc": [
      44.81,
      55.382,
      59.584,
      62.72,
      65.48,
      67.97,
      70.518,
      72.746,
      74.996,
      76.882,
      78.962,
      81.106,
      83.304,
      85.048
    ],
    "test_loss": [
      1.3347056085309281,
      1.2240934385278355,
      1.1743221204882612,
      1.110436610139597,
      1.0789112115439516,
      1.04934642870967,
      1.0308157643571068,
      1.0166415503611579,
      1.0139742904958633,
      1.0021745907232023,
      1.004996543113416,
      1.0362160359137356,
      1.0518803473669118,
      1.0904243067621042
    ],
    "test_acc": [
      52.17,
      56.57,
      58.18,
      60.71,
      61.49,
      63.07,
      63.73,
      64.34,
      64.47,
      65.34,
      65.87,
      65.26,
      65.84,
      65.73
    ]
  }
}