{
  "config": {
    "run_name": "exp1_1",
    "out_dir": "/home/yonathanw/CS236781/Homework2/results",
    "seed": 42,
    "device": null,
    "bs_train": 64,
    "bs_test": 64,
    "batches": 1500,
    "epochs": 20,
    "early_stopping": 2,
    "checkpoints": null,
    "lr": 0.001,
    "reg": 0.003,
    "filters_per_layer": [
      32
    ],
    "pool_every": 4,
    "hidden_dims": [
      128
    ],
    "model_type": "cnn",
    "activation_type": "relu",
    "activation_params": {},
    "conv_params": {
      "kernel_size": 3,
      "stride": 1,
      "padding": 1
    },
    "pooling_params": {
      "kernel_size": 2
    },
    "pooling_type": "max",
    "batchnorm": true,
    "dropout": 0.2,
    "bottleneck": false,
    "momentum": 0.99,
    "kw": {},
    "layers_per_block": 2
  },
  "results": {
    "num_epochs": 15,
    "train_loss": [
      1.5205084731816636,
      1.3224016636838694,
      1.2486642343004037,
      1.2062921755759002,
      1.165678703723966,
      1.1088527133855064,
      1.0631211874125255,
      1.0285519333294286,
      0.9959383456755782,
      0.9689344567106203,
      0.9473594263234102,
      0.9307068949922577,
      0.9137713219351171,
      0.9069542731622906,
      0.8963188164679291
    ],
    "train_acc": [
      45.072,
      52.576,
      55.134,
      56.616,
      58.39,
      60.57,
      62.118,
      63.704,
      64.82,
      66.056,
      66.502,
      67.298,
      68.06,
      68.086,
      68.332
    ],
    "test_loss": [
      1.3553134096655877,
      1.291669823181857,
      1.206545780798432,
      1.2246630495520914,
      1.1744008569201088,
      1.1256638613476115,
      1.068750762635735,
      1.0641594365903526,
      1.0621549669344714,
      1.0547779183478871,
      1.0759407786806678,
      1.0039823723446792,
      1.0011042310933398,
      1.0033587764023215,
      1.0325448243481339
    ],
    "test_acc": [
      50.57,
      52.75,
      56.25,
      56.37,
      57.91,
      59.13,
      61.77,
      61.64,
      62.41,
      62.7,
      61.84,
      64.63,
      64.79,
      64.65,
      63.61
    ]
  }
}