{
  "config": {
    "run_name": "exp1_1",
    "out_dir": "/home/yonathanw/CS236781/Homework2/results",
    "seed": 42,
    "device": null,
    "bs_train": 64,
    "bs_test": 64,
    "batches": 1500,
    "epochs": 20,
    "early_stopping": 5,
    "checkpoints": null,
    "lr": 0.001,
    "reg": 0.003,
    "filters_per_layer": [
      64
    ],
    "pool_every": 4,
    "hidden_dims": [
      128
    ],
    "model_type": "cnn",
    "activation_type": "relu",
    "activation_params": {},
    "conv_params": {
      "kernel_size": 3,
      "stride": 1,
      "padding": 1
    },
    "pooling_params": {
      "kernel_size": 2
    },
    "pooling_type": "max",
    "batchnorm": true,
    "dropout": 0.2,
    "bottleneck": false,
    "momentum": 0.99,
    "kw": {},
    "layers_per_block": 4
  },
  "results": {
    "num_epochs": 16,
    "train_loss": [
      1.6420986233160013,
      1.302215762531666,
      1.155557001185844,
      1.070923717964031,
      1.011927889893427,
      0.9710808826986786,
      0.9194994809682412,
      0.8729371073681985,
      0.8465021882215729,
      0.8123220536486268,
      0.7904106285184851,
      0.7709918424220341,
      0.7464640821947162,
      0.731297444390214,
      0.7131985400034033,
      0.7018589505073055
    ],
    "train_acc": [
      40.188,
      53.364,
      58.558,
      61.766,
      64.05,
      65.504,
      67.318,
      68.964,
      69.886,
      71.18,
      71.848,
      72.772,
      73.466,
      74.122,
      74.632,
      75.044
    ],
    "test_loss": [
      1.3887848588311749,
      1.231483257879877,
      1.1661027605366554,
      1.0720022013232966,
      1.0648992820909828,
      1.006543589625389,
      0.9867748777577832,
      0.9340040315488342,
      0.8846543579344537,
      0.982226789756945,
      0.8541555873527649,
      0.8843153039361261,
      0.8620164362108631,
      0.9143285014826781,
      0.894296517417689,
      0.8829716580688574
    ],
    "test_acc": [
      49.67,
      56.0,
      58.02,
      60.8,
      61.71,
      64.27,
      64.75,
      66.76,
      68.86,
      65.47,
      70.25,
      69.61,
      69.95,
      67.88,
      68.9,
      69.69
    ]
  }
}