{
  "config": {
    "run_name": "exp1_1",
    "out_dir": "/home/yonathanw/CS236781/Homework2/results",
    "seed": 42,
    "device": null,
    "bs_train": 64,
    "bs_test": 64,
    "batches": 1500,
    "epochs": 20,
    "early_stopping": 2,
    "checkpoints": null,
    "lr": 0.001,
    "reg": 0.003,
    "filters_per_layer": [
      32
    ],
    "pool_every": 4,
    "hidden_dims": [
      128
    ],
    "model_type": "cnn",
    "activation_type": "relu",
    "activation_params": {},
    "conv_params": {
      "kernel_size": 3,
      "stride": 1,
      "padding": 1
    },
    "pooling_params": {
      "kernel_size": 2
    },
    "pooling_type": "max",
    "batchnorm": true,
    "dropout": 0.2,
    "bottleneck": false,
    "momentum": 0.99,
    "kw": {},
    "layers_per_block": 4
  },
  "results": {
    "num_epochs": 20,
    "train_loss": [
      1.6821065398738206,
      1.3541587494370881,
      1.232508317969949,
      1.1546816649034506,
      1.0984096626948823,
      1.0524263497813584,
      1.0105312982636034,
      0.9664771864786172,
      0.9359572828578218,
      0.9013014560007988,
      0.872989197368817,
      0.8513601741293813,
      0.8305749587924279,
      0.805508404665286,
      0.7864187707757706,
      0.7641801887460987,
      0.7455467470847738,
      0.7347226556380997,
      0.7144051672476331,
      0.6965169759510118
    ],
    "train_acc": [
      38.682,
      51.086,
      55.736,
      59.034,
      60.916,
      62.602,
      64.18,
      65.778,
      67.012,
      68.302,
      68.914,
      69.998,
      70.686,
      71.534,
      72.208,
      72.86,
      73.686,
      73.934,
      74.544,
      75.25
    ],
    "test_loss": [
      1.4369220407145797,
      1.2819811310737756,
      1.2805722200187148,
      1.1407393778964972,
      1.1226197830431022,
      1.1043257660167232,
      1.0548783890001334,
      1.0470950242820058,
      1.0166827759165673,
      0.9951108109419513,
      1.0165868564775795,
      0.9612026146263074,
      0.9799856699196396,
      0.9411415586805647,
      0.9883063724086543,
      0.9490307425237765,
      0.9768395530190438,
      0.9288950080324889,
      0.956062430788757,
      0.9644971649358227
    ],
    "test_acc": [
      48.35,
      53.42,
      54.39,
      59.13,
      59.73,
      60.78,
      62.81,
      62.73,
      64.06,
      64.78,
      64.68,
      66.3,
      66.17,
      66.95,
      65.51,
      67.21,
      66.17,
      68.01,
      66.92,
      66.35
    ]
  }
}