{
  "config": {
    "run_name": "exp1_1",
    "out_dir": "/home/yonathanw/CS236781/Homework2/results",
    "seed": 42,
    "device": null,
    "bs_train": 64,
    "bs_test": 64,
    "batches": 1500,
    "epochs": 20,
    "early_stopping": 2,
    "checkpoints": null,
    "lr": 0.002,
    "reg": 0.003,
    "filters_per_layer": [
      64
    ],
    "pool_every": 2,
    "hidden_dims": [
      128
    ],
    "model_type": "cnn",
    "activation_type": "relu",
    "activation_params": {},
    "conv_params": {
      "kernel_size": 3,
      "stride": 1,
      "padding": 1
    },
    "pooling_params": {
      "kernel_size": 2
    },
    "pooling_type": "max",
    "batchnorm": true,
    "dropout": 0.2,
    "bottleneck": false,
    "momentum": 0.99,
    "kw": {},
    "layers_per_block": 2
  },
  "results": {
    "num_epochs": 8,
    "train_loss": [
      1.4896422868494488,
      1.2711693812209321,
      1.2048284668294365,
      1.1492055072961256,
      1.1144680383870058,
      1.0761750402200558,
      1.049067527817948,
      1.0287163341441727
    ],
    "train_acc": [
      46.13,
      54.61,
      56.902,
      58.912,
      60.33,
      61.914,
      62.798,
      63.47
    ],
    "test_loss": [
      1.3362712632318972,
      1.2523302785150565,
      1.204328195684275,
      1.1510185432282223,
      1.136968979410305,
      1.0795369064731963,
      1.105656738114205,
      1.104333549927754
    ],
    "test_acc": [
      51.48,
      55.64,
      57.21,
      58.32,
      59.18,
      61.96,
      60.61,
      61.29
    ]
  }
}