{
  "config": {
    "run_name": "exp1_4",
    "out_dir": "/home/inbar.m/hw/deep_on_gpu_hw2/results",
    "seed": 42,
    "device": null,
    "bs_train": 64,
    "bs_test": 64,
    "batches": 1500,
    "epochs": 30,
    "early_stopping": 3,
    "checkpoints": null,
    "lr": 0.0001,
    "reg": 0.0001,
    "filters_per_layer": [
      32
    ],
    "pool_every": 8,
    "hidden_dims": [
      512,
      256
    ],
    "model_type": "resnet",
    "activation_type": "relu",
    "activation_params": {},
    "conv_params": {
      "kernel_size": 3,
      "stride": 1,
      "padding": 1
    },
    "pooling_params": {
      "kernel_size": 2
    },
    "pooling_type": "max",
    "batchnorm": true,
    "dropout": 0.3,
    "bottleneck": false,
    "kw": {},
    "layers_per_block": 8
  },
  "results": {
    "num_epochs": 21,
    "train_loss": [
      1.825428655842686,
      1.5582409426379387,
      1.4607880664298603,
      1.3825742020021619,
      1.3057582392869398,
      1.237169590752448,
      1.17864842991085,
      1.1178143903270097,
      1.0614452526697418,
      1.007174406515058,
      0.9610746960200922,
      0.910781833293188,
      0.8663687823754748,
      0.8209290896992549,
      0.778902005661479,
      0.7388706014817937,
      0.6943274222295303,
      0.6521395228784103,
      0.6115763881398589,
      0.5681952785348039,
      0.5287873208751459
    ],
    "train_acc": [
      34.038,
      43.586,
      47.548,
      50.41,
      53.24,
      55.84,
      58.19,
      60.226,
      62.578,
      64.25,
      66.098,
      67.944,
      69.518,
      71.178,
      72.702,
      74.3,
      75.624,
      77.37,
      78.96,
      80.35,
      81.75
    ],
    "test_loss": [
      1.8170828462406328,
      1.6029679410776514,
      1.5459723609268285,
      1.3975340143130843,
      1.3043971228751408,
      1.2507735498391899,
      1.2068333599218137,
      1.108227737769959,
      1.0498915178001307,
      1.0329220070960416,
      0.9728923656378582,
      0.9544305209141628,
      0.9707624190931867,
      0.9517079914451405,
      0.9126908727891886,
      0.9112250324647138,
      0.9187995425075483,
      0.9008532618261447,
      0.9345073709442357,
      0.9491760108121641,
      0.9699270964428118
    ],
    "test_acc": [
      33.64,
      41.23,
      44.22,
      50.36,
      53.45,
      56.03,
      57.45,
      60.74,
      62.79,
      63.92,
      66.28,
      67.11,
      66.81,
      67.94,
      68.95,
      69.19,
      69.33,
      69.58,
      69.3,
      69.54,
      69.5
    ]
  }
}