{
  "config": {
    "run_name": "exp1_3",
    "out_dir": "/home/inbar.m/hw/deep_on_gpu_hw2/results",
    "seed": 42,
    "device": null,
    "bs_train": 32,
    "bs_test": 32,
    "batches": 1500,
    "epochs": 30,
    "early_stopping": 2,
    "checkpoints": null,
    "lr": 0.0001,
    "reg": 0.0001,
    "filters_per_layer": [
      64,
      128
    ],
    "pool_every": 4,
    "hidden_dims": [
      128
    ],
    "model_type": "cnn",
    "activation_type": "relu",
    "activation_params": {},
    "conv_params": {
      "kernel_size": 3,
      "stride": 1,
      "padding": 1
    },
    "pooling_params": {
      "kernel_size": 2
    },
    "pooling_type": "max",
    "batchnorm": true,
    "dropout": "0.3",
    "bottleneck": false,
    "kw": {},
    "layers_per_block": 3
  },
  "results": {
    "num_epochs": 11,
    "train_loss": [
      1.6990741247255223,
      1.3542236043182,
      1.192461499630909,
      1.0620272195804448,
      0.9585335942048411,
      0.8594364995996081,
      0.7673903511490336,
      0.6720768693579517,
      0.5642991670510438,
      0.4518790881239445,
      0.3255658749459992
    ],
    "train_acc": [
      38.394,
      51.122,
      57.46,
      62.34,
      66.184,
      69.818,
      73.374,
      76.602,
      80.308,
      84.214,
      88.894
    ],
    "test_loss": [
      1.4915915464821714,
      1.252357383696035,
      1.168732648078626,
      1.087113010426299,
      1.0013774947617382,
      0.972422503530027,
      0.970389149154718,
      0.9815574822524866,
      0.9871373470789327,
      1.0743229088310997,
      1.2268368514201131
    ],
    "test_acc": [
      45.51,
      55.3,
      57.89,
      61.34,
      64.65,
      66.27,
      66.4,
      66.82,
      67.66,
      67.19,
      66.34
    ]
  }
}