{
  "config": {
    "run_name": "exp1_2",
    "out_dir": "/home/yonathanw/CS236781/Homework2/results",
    "seed": 42,
    "device": null,
    "bs_train": 64,
    "bs_test": 64,
    "batches": 1500,
    "epochs": 20,
    "early_stopping": 2,
    "checkpoints": null,
    "lr": 0.0003,
    "reg": 0.0002,
    "filters_per_layer": [
      128
    ],
    "pool_every": 6,
    "hidden_dims": [
      128
    ],
    "model_type": "cnn",
    "activation_type": "relu",
    "activation_params": {},
    "conv_params": {
      "kernel_size": 3,
      "stride": 1,
      "padding": 1
    },
    "pooling_params": {
      "kernel_size": 2
    },
    "pooling_type": "max",
    "batchnorm": true,
    "dropout": 0.0,
    "bottleneck": false,
    "kw": {},
    "layers_per_block": 2
  },
  "results": {
    "num_epochs": 7,
    "train_loss": [
      1.4856903142179065,
      1.1326826991480026,
      0.9692557411425559,
      0.8463050036707802,
      0.7312565910084473,
      0.6259702912834294,
      0.5263587201723967
    ],
    "train_acc": [
      46.86,
      60.024,
      66.082,
      70.256,
      74.306,
      78.404,
      82.008
    ],
    "test_loss": [
      1.2404437581445003,
      1.1445246824792996,
      1.0339483151769941,
      1.0171057319944832,
      0.9994233751752574,
      1.0622403534354679,
      1.0677533016842642
    ],
    "test_acc": [
      56.29,
      59.35,
      63.43,
      64.06,
      65.51,
      64.1,
      64.73
    ]
  }
}