{
  "config": {
    "run_name": "exp1_4",
    "out_dir": "/home/inbar.m/hw/deep_on_gpu_hw2/results",
    "seed": 42,
    "device": null,
    "bs_train": 64,
    "bs_test": 64,
    "batches": 1500,
    "epochs": 30,
    "early_stopping": 3,
    "checkpoints": null,
    "lr": 0.0001,
    "reg": 0.0001,
    "filters_per_layer": [
      32
    ],
    "pool_every": 8,
    "hidden_dims": [
      512,
      256
    ],
    "model_type": "resnet",
    "activation_type": "relu",
    "activation_params": {},
    "conv_params": {
      "kernel_size": 3,
      "stride": 1,
      "padding": 1
    },
    "pooling_params": {
      "kernel_size": 2
    },
    "pooling_type": "max",
    "batchnorm": true,
    "dropout": 0.3,
    "bottleneck": false,
    "kw": {},
    "layers_per_block": 32
  },
  "results": {
    "num_epochs": 30,
    "train_loss": [
      2.1486013989009516,
      1.9193510782078405,
      1.7746473061459145,
      1.6809739796706782,
      1.618617674273908,
      1.5645003695317241,
      1.5201719285886917,
      1.4874085694017922,
      1.4570706043097064,
      1.421096595047075,
      1.3934830313600848,
      1.3596918494500163,
      1.3304636341988887,
      1.2941691332765857,
      1.2584651734517969,
      1.2324534297141883,
      1.1954354887728191,
      1.170450038769666,
      1.140928673088703,
      1.1175900884449024,
      1.1020034796289166,
      1.0730497299710198,
      1.0589802853591608,
      1.0409082925837974,
      1.0234679818305823,
      1.000467708920274,
      0.9847761557992462,
      0.9749819082219887,
      0.9528292051666533,
      0.9438725968303583
    ],
    "train_acc": [
      19.308,
      28.97,
      34.594,
      37.952,
      40.454,
      42.968,
      44.58,
      46.07,
      47.042,
      48.336,
      49.714,
      50.722,
      51.97,
      53.512,
      54.628,
      55.598,
      57.044,
      58.156,
      59.12,
      59.98,
      60.764,
      62.03,
      62.23,
      63.172,
      63.812,
      64.436,
      65.206,
      65.66,
      66.09,
      66.63
    ],
    "test_loss": [
      2.3241964419176626,
      2.0135492579952166,
      2.0288291698808125,
      1.9884995776376906,
      1.7850074358047194,
      1.7254652217694908,
      1.6264113111860434,
      1.5987866388005056,
      1.497902615814452,
      1.4761873946827688,
      1.390838809833405,
      1.3209480457245164,
      1.3007447207049958,
      1.2663263621603607,
      1.203092442576293,
      1.1930201080194704,
      1.1546643114393684,
      1.1127171303815901,
      1.1308506913245864,
      1.0975018299309311,
      1.0895038133214234,
      1.0291322959456475,
      0.9996252173830749,
      1.0150769045398493,
      0.9871841035071452,
      0.9718920474599122,
      0.9679708845296483,
      0.9370088899970814,
      0.9393921528652216,
      0.9313925466719707
    ],
    "test_acc": [
      16.42,
      26.42,
      29.99,
      30.87,
      36.6,
      39.51,
      43.33,
      44.1,
      46.83,
      48.52,
      50.41,
      52.56,
      54.27,
      54.9,
      57.18,
      57.58,
      59.22,
      60.27,
      60.08,
      61.37,
      61.04,
      63.35,
      64.49,
      64.66,
      65.23,
      66.25,
      66.54,
      67.09,
      67.52,
      67.71
    ]
  }
}